ts,batch,event,file,rows_before,rows_after,detail
2026-03-31 23:19:09,GEN,SEASON_2425_GENERATED,season_2024_25.json,,10515,
2026-03-31 23:25:39,GEN,SEASON_2526_GENERATED,season_2025_26.json,,16122,
2026-03-31 23:26:53,B0,BATCH_START,,,,
2026-03-31 23:27:04,B0,BOXSCORES_FETCHED,,,,163 rows for 2026-03-30
2026-03-31 23:27:10,B0,BATCH_SUMMARY,,,,"plays_graded=89, wins=51, losses=38, dnp=16"
2026-03-31 23:27:12,B0,FILE_STATE_BEFORE_APPEND,nba_gamelogs_2025_26.csv,24137,,
2026-03-31 23:27:26,B0,INTEGRITY_OK,/Users/salman/Documents/GitHub/PropEdgeV10.0/source-files/nba_gamelogs_2025_26.csv,24137,24300,APPEND_GAMELOGS
2026-03-31 23:27:26,B0,ROLLING_UPDATE_FAILED,,,,name 'load_combined' is not defined
2026-03-31 23:32:29,B0,BATCH_COMPLETE,,,,
2026-03-31 23:35:22,B2,BATCH_START,,,,2026-03-31
2026-03-31 23:35:34,B2,PROPS_FETCHED,,,,"0 props, 7 games"
2026-03-31 23:36:36,B2,BATCH_START,,,,2026-03-31
2026-03-31 23:36:43,B2,PROPS_FETCHED,,,,"92 props, 7 games"
2026-03-31 23:36:54,B2,EXCEL_SOURCE_UPDATED,,,,props=16214 (+92) spreads=1385 (+7)
2026-03-31 23:37:09,B2,PREDICTIONS,,,,"91 plays, skipped 1"
2026-03-31 23:37:09,B2,BATCH_SUMMARY,,,,"props_fetched=91, plays_added=91"
2026-03-31 23:37:09,B2,INTEGRITY_OK,/Users/salman/Documents/GitHub/PropEdgeV10.0/data/today.json,0,91,SAVE_TODAY
2026-03-31 23:37:12,B2,BATCH_COMPLETE,,,,
2026-04-01 06:00:06,B0,BATCH_START,,,,
2026-04-01 06:00:17,B0,BOXSCORES_FETCHED,,,,118 rows for 2026-03-31
2026-04-01 06:00:18,B0,BATCH_SUMMARY,,,,"plays_graded=66, wins=38, losses=28, dnp=25"
2026-04-01 06:00:21,B0,FILE_STATE_BEFORE_APPEND,nba_gamelogs_2025_26.csv,24300,,
2026-04-01 06:00:39,B0,INTEGRITY_OK,/Users/salman/Documents/GitHub/PropEdgeV10.0/source-files/nba_gamelogs_2025_26.csv,24300,24443,APPEND_GAMELOGS
2026-04-01 06:00:39,B0,ROLLING_UPDATE_FAILED,,,,name 'load_combined' is not defined
2026-04-01 06:07:42,B0,BATCH_COMPLETE,,,,
2026-04-01 08:00:01,B1,BATCH_START,,,,2026-04-01
2026-04-01 08:00:13,B1,PROPS_FETCHED,,,,"107 props, 9 games"
2026-04-01 08:00:28,B1,EXCEL_SOURCE_UPDATED,,,,props=16321 (+107) spreads=1394 (+9)
2026-04-01 08:00:47,B1,PREDICTIONS,,,,"106 plays, skipped 1"
2026-04-01 08:00:48,B1,BATCH_SUMMARY,,,,"props_fetched=106, plays_added=106"
2026-04-01 08:00:48,B1,INTEGRITY_OK,/Users/salman/Documents/GitHub/PropEdgeV10.0/data/today.json,91,197,SAVE_TODAY
2026-04-01 08:00:51,B1,BATCH_COMPLETE,,,,
2026-04-01 18:00:01,B2,BATCH_START,,,,2026-04-01
2026-04-01 18:00:22,B2,PROPS_FETCHED,,,,"108 props, 9 games"
2026-04-01 18:00:39,B2,EXCEL_SOURCE_UPDATED,,,,props=16324 (+3) spreads=1394 (+0)
2026-04-01 18:00:57,B2,PREDICTIONS,,,,"107 plays, skipped 1"
2026-04-01 18:00:57,B2,BATCH_SUMMARY,,,,"props_fetched=107, plays_added=3"
2026-04-01 18:00:57,B2,INTEGRITY_OK,/Users/salman/Documents/GitHub/PropEdgeV10.0/data/today.json,197,200,SAVE_TODAY
2026-04-01 18:01:02,B2,BATCH_COMPLETE,,,,
2026-04-01 20:14:28,B0,BATCH_START,,,,
2026-04-01 20:14:38,B0,BOXSCORES_FETCHED,,,,166 rows for 2026-03-31
2026-04-01 20:14:39,B0,BATCH_SUMMARY,,,,"plays_graded=25, wins=13, losses=12, dnp=0"
2026-04-01 20:14:42,B0,FILE_STATE_BEFORE_APPEND,nba_gamelogs_2025_26.csv,24443,,
2026-04-01 20:15:01,B0,INTEGRITY_OK,/Users/salman/Documents/GitHub/PropEdgeV10.0/source-files/nba_gamelogs_2025_26.csv,24443,24466,APPEND_GAMELOGS
2026-04-01 20:15:01,B0,ROLLING_UPDATE_FAILED,,,,name 'load_combined' is not defined
2026-04-01 20:21:00,B0,BATCH_COMPLETE,,,,
2026-04-01 20:24:34,B1,BATCH_START,,,,2026-04-01
2026-04-01 20:24:41,B1,PROPS_FETCHED,,,,"108 props, 9 games"
2026-04-01 20:24:54,B1,EXCEL_SOURCE_UPDATED,,,,props=16328 (+4) spreads=1394 (+0)
2026-04-01 20:25:11,B1,PREDICTIONS,,,,"107 plays, skipped 1"
2026-04-01 20:25:11,B1,BATCH_SUMMARY,,,,"props_fetched=107, plays_added=4"
2026-04-01 20:25:11,B1,INTEGRITY_OK,/Users/salman/Documents/GitHub/PropEdgeV10.0/data/today.json,200,204,SAVE_TODAY
2026-04-01 20:25:14,B1,BATCH_COMPLETE,,,,
2026-04-01 21:30:01,B3,BATCH_START,,,,2026-04-01
2026-04-01 22:35:13,B3,BATCH_START,,,,2026-04-01
2026-04-01 22:35:21,B3,PROPS_FETCHED,,,,"109 props, 9 games"
2026-04-01 22:35:41,B3,EXCEL_SOURCE_UPDATED,,,,props=16330 (+2) spreads=1394 (+0)
2026-04-01 22:36:04,B3,PREDICTIONS,,,,"108 plays, skipped 1"
2026-04-01 22:36:04,B3,BATCH_SUMMARY,,,,"props_fetched=108, plays_added=2"
2026-04-01 22:36:04,B3,INTEGRITY_OK,/Users/salman/Documents/GitHub/PropEdgeV10.0/data/today.json,204,206,SAVE_TODAY
2026-04-01 22:36:08,B3,BATCH_COMPLETE,,,,
2026-04-02 06:00:07,B0,BATCH_START,,,,
2026-04-02 06:00:20,B0,BOXSCORES_FETCHED,,,,171 rows for 2026-04-01
2026-04-02 06:00:21,B0,BATCH_SUMMARY,,,,"plays_graded=92, wins=53, losses=39, dnp=23"
2026-04-02 06:00:23,B0,FILE_STATE_BEFORE_APPEND,nba_gamelogs_2025_26.csv,24466,,
2026-04-02 06:00:42,B0,INTEGRITY_OK,/Users/salman/Documents/GitHub/PropEdgeV10.0/source-files/nba_gamelogs_2025_26.csv,24466,24660,APPEND_GAMELOGS
2026-04-02 06:00:42,B0,ROLLING_UPDATE_FAILED,,,,name 'load_combined' is not defined
2026-04-02 06:06:56,B0,BATCH_COMPLETE,,,,
2026-04-02 08:00:01,B1,BATCH_START,,,,2026-04-02
2026-04-02 08:00:11,B1,PROPS_FETCHED,,,,"83 props, 6 games"
2026-04-02 08:00:30,B1,EXCEL_SOURCE_UPDATED,,,,props=16413 (+83) spreads=1400 (+6)
2026-04-02 08:00:48,B1,PREDICTIONS,,,,"83 plays, skipped 0"
2026-04-02 08:00:49,B1,BATCH_SUMMARY,,,,"props_fetched=83, plays_added=83"
2026-04-02 08:00:49,B1,INTEGRITY_OK,/Users/salman/Documents/GitHub/PropEdgeV10.0/data/today.json,206,289,SAVE_TODAY
2026-04-02 08:00:52,B1,BATCH_COMPLETE,,,,
2026-04-02 13:57:41,B0,BATCH_START,,,,
2026-04-02 13:57:54,B0,BOXSCORES_FETCHED,,,,190 rows for 2026-04-01
2026-04-02 13:57:56,B0,BATCH_SUMMARY,,,,"plays_graded=11, wins=7, losses=4, dnp=12"
2026-04-02 13:57:58,B0,FILE_STATE_BEFORE_APPEND,nba_gamelogs_2025_26.csv,24660,,
2026-04-02 13:58:19,B0,INTEGRITY_OK,/Users/salman/Documents/GitHub/PropEdgeV10.0/source-files/nba_gamelogs_2025_26.csv,24660,24668,APPEND_GAMELOGS
2026-04-02 13:58:19,B0,ROLLING_UPDATE_FAILED,,,,name 'load_combined' is not defined
2026-04-02 14:04:23,B0,BATCH_COMPLETE,,,,
2026-04-02 18:00:01,B2,BATCH_START,,,,2026-04-02
2026-04-02 18:00:09,B2,PROPS_FETCHED,,,,"85 props, 6 games"
2026-04-02 18:00:27,B2,EXCEL_SOURCE_UPDATED,,,,props=16415 (+2) spreads=1400 (+0)
2026-04-02 18:00:45,B2,PREDICTIONS,,,,"85 plays, skipped 0"
2026-04-02 18:00:46,B2,BATCH_SUMMARY,,,,"props_fetched=85, plays_added=2"
2026-04-02 18:00:46,B2,INTEGRITY_OK,/Users/salman/Documents/GitHub/PropEdgeV10.0/data/today.json,289,291,SAVE_TODAY
2026-04-02 18:00:49,B2,BATCH_COMPLETE,,,,
2026-04-02 21:30:01,B3,BATCH_START,,,,2026-04-02
2026-04-02 21:30:18,B3,PROPS_FETCHED,,,,"63 props, 6 games"
2026-04-02 21:30:32,B3,EXCEL_SOURCE_UPDATED,,,,props=16415 (+0) spreads=1400 (+0)
2026-04-02 21:30:49,B3,PREDICTIONS,,,,"63 plays, skipped 0"
2026-04-02 21:30:49,B3,BATCH_SUMMARY,,,,"props_fetched=63, plays_added=0"
2026-04-02 21:30:49,B3,INTEGRITY_OK,/Users/salman/Documents/GitHub/PropEdgeV10.0/data/today.json,291,291,SAVE_TODAY
2026-04-02 21:30:51,B3,BATCH_COMPLETE,,,,
2026-04-03 06:00:00,B0,BATCH_START,,,,
2026-04-03 06:00:10,B0,BOXSCORES_FETCHED,,,,90 rows for 2026-04-02
2026-04-03 06:00:11,B0,BATCH_SUMMARY,,,,"plays_graded=54, wins=33, losses=21, dnp=31"
2026-04-03 06:00:13,B0,FILE_STATE_BEFORE_APPEND,nba_gamelogs_2025_26.csv,24668,,
2026-04-03 06:00:26,B0,INTEGRITY_OK,/Users/salman/Documents/GitHub/PropEdgeV10.0/source-files/nba_gamelogs_2025_26.csv,24668,24789,APPEND_GAMELOGS
2026-04-03 06:00:26,B0,ROLLING_UPDATE_FAILED,,,,name 'load_combined' is not defined
2026-04-03 06:06:05,B0,BATCH_COMPLETE,,,,
2026-04-03 08:00:01,B1,BATCH_START,,,,2026-04-03
2026-04-03 08:00:14,B1,PROPS_FETCHED,,,,"102 props, 9 games"
2026-04-03 08:00:36,B1,EXCEL_SOURCE_UPDATED,,,,props=16517 (+102) spreads=1409 (+9)
2026-04-03 08:00:56,B1,PREDICTIONS,,,,"101 plays, skipped 1"
2026-04-03 08:00:56,B1,BATCH_SUMMARY,,,,"props_fetched=101, plays_added=101"
2026-04-03 08:00:56,B1,INTEGRITY_OK,/Users/salman/Documents/GitHub/PropEdgeV10.0/data/today.json,291,392,SAVE_TODAY
2026-04-03 08:01:00,B1,BATCH_COMPLETE,,,,
2026-04-03 18:00:01,B2,BATCH_START,,,,2026-04-03
2026-04-03 18:00:17,B2,PROPS_FETCHED,,,,"104 props, 9 games"
2026-04-03 18:00:30,B2,EXCEL_SOURCE_UPDATED,,,,props=16519 (+2) spreads=1409 (+0)
2026-04-03 18:00:49,B2,PREDICTIONS,,,,"103 plays, skipped 1"
2026-04-03 18:00:50,B2,BATCH_SUMMARY,,,,"props_fetched=103, plays_added=2"
2026-04-03 18:00:50,B2,INTEGRITY_OK,/Users/salman/Documents/GitHub/PropEdgeV10.0/data/today.json,392,394,SAVE_TODAY
2026-04-03 18:00:53,B2,BATCH_COMPLETE,,,,
2026-04-03 21:30:02,B3,BATCH_START,,,,2026-04-03
2026-04-03 22:17:39,B3,BATCH_START,,,,2026-04-03
2026-04-03 22:17:46,B3,PROPS_FETCHED,,,,"106 props, 9 games"
2026-04-03 22:18:02,B3,EXCEL_SOURCE_UPDATED,,,,props=16523 (+4) spreads=1409 (+0)
2026-04-03 22:18:23,B3,PREDICTIONS,,,,"105 plays, skipped 1"
2026-04-03 22:18:23,B3,BATCH_SUMMARY,,,,"props_fetched=105, plays_added=4"
2026-04-03 22:18:23,B3,INTEGRITY_OK,/Users/salman/Documents/GitHub/PropEdgeV10.0/data/today.json,394,398,SAVE_TODAY
2026-04-03 22:18:26,B3,BATCH_COMPLETE,,,,
2026-04-03 23:11:27,B0,BATCH_START,,,,
2026-04-03 23:11:36,B0,BOXSCORES_FETCHED,,,,134 rows for 2026-04-02
2026-04-03 23:11:38,B0,BATCH_SUMMARY,,,,"plays_graded=28, wins=13, losses=15, dnp=3"
2026-04-03 23:11:41,B0,FILE_STATE_BEFORE_APPEND,nba_gamelogs_2025_26.csv,24789,,
2026-04-03 23:12:08,B0,INTEGRITY_OK,/Users/salman/Documents/GitHub/PropEdgeV10.0/source-files/nba_gamelogs_2025_26.csv,24789,24805,APPEND_GAMELOGS
2026-04-03 23:12:08,B0,ROLLING_UPDATE_FAILED,,,,name 'load_combined' is not defined
2026-04-03 23:21:47,B0,BATCH_COMPLETE,,,,
2026-04-04 06:16:50,B0,BATCH_START,,,,
2026-04-04 06:17:04,B0,BOXSCORES_FETCHED,,,,202 rows for 2026-04-03
2026-04-04 06:17:10,B0,BATCH_SUMMARY,,,,"plays_graded=101, wins=49, losses=52, dnp=6"
2026-04-04 06:17:19,B0,FILE_STATE_BEFORE_APPEND,nba_gamelogs_2025_26.csv,24805,,
2026-04-04 06:18:55,B0,INTEGRITY_OK,/Users/salman/Documents/GitHub/PropEdgeV10.0/source-files/nba_gamelogs_2025_26.csv,24805,25013,APPEND_GAMELOGS
2026-04-04 06:18:55,B0,ROLLING_UPDATE_FAILED,,,,name 'load_combined' is not defined
2026-04-04 08:14:29,B1,BATCH_START,,,,2026-04-04
2026-04-04 08:14:34,B1,PROPS_FETCHED,,,,"39 props, 3 games"
2026-04-04 08:31:54,B1,EXCEL_SOURCE_UPDATED,,,,props=16562 (+39) spreads=1412 (+3)
2026-04-04 08:34:11,B1,PREDICTIONS,,,,"37 plays, skipped 2"
2026-04-04 08:34:14,B1,BATCH_SUMMARY,,,,"props_fetched=37, plays_added=37"
2026-04-04 08:34:14,B1,INTEGRITY_OK,/Users/salman/Documents/GitHub/PropEdgeV10.0/data/today.json,398,435,SAVE_TODAY
2026-04-04 08:34:49,B1,BATCH_COMPLETE,,,,
2026-04-04 08:39:08,B0,BATCH_COMPLETE,,,,
2026-04-04 12:56:52,B0,BATCH_START,,,,
2026-04-04 12:57:03,B0,BOXSCORES_FETCHED,,,,202 rows for 2026-04-03
2026-04-04 12:57:04,B0,BATCH_SUMMARY,,,,"plays_graded=0, wins=0, losses=0, dnp=6"
2026-04-04 12:57:06,B0,FILE_STATE_BEFORE_APPEND,nba_gamelogs_2025_26.csv,25013,,
2026-04-04 12:57:33,B0,INTEGRITY_OK,/Users/salman/Documents/GitHub/PropEdgeV10.0/source-files/nba_gamelogs_2025_26.csv,25013,25013,APPEND_GAMELOGS
2026-04-04 12:57:33,B0,ROLLING_UPDATE_FAILED,,,,name 'load_combined' is not defined
2026-04-04 13:04:06,B0,BATCH_COMPLETE,,,,
2026-04-04 13:05:28,B1,BATCH_START,,,,2026-04-04
2026-04-04 13:05:31,B1,PROPS_FETCHED,,,,"41 props, 3 games"
2026-04-04 13:05:48,B1,EXCEL_SOURCE_UPDATED,,,,props=16564 (+2) spreads=1412 (+0)
2026-04-04 13:06:08,B1,PREDICTIONS,,,,"39 plays, skipped 2"
2026-04-04 13:06:08,B1,BATCH_SUMMARY,,,,"props_fetched=39, plays_added=2"
2026-04-04 13:06:08,B1,INTEGRITY_OK,/Users/salman/Documents/GitHub/PropEdgeV10.0/data/today.json,435,437,SAVE_TODAY
2026-04-04 13:06:12,B1,BATCH_COMPLETE,,,,
2026-04-04 18:00:02,B2,BATCH_START,,,,2026-04-04
2026-04-04 18:00:08,B2,PROPS_FETCHED,,,,"41 props, 3 games"
2026-04-04 18:00:34,B2,EXCEL_SOURCE_UPDATED,,,,props=16564 (+0) spreads=1412 (+0)
2026-04-04 18:00:56,B2,PREDICTIONS,,,,"39 plays, skipped 2"
2026-04-04 18:00:57,B2,BATCH_SUMMARY,,,,"props_fetched=39, plays_added=0"
2026-04-04 18:00:57,B2,INTEGRITY_OK,/Users/salman/Documents/GitHub/PropEdgeV10.0/data/today.json,437,437,SAVE_TODAY
2026-04-04 18:00:59,B2,BATCH_COMPLETE,,,,
2026-04-04 21:32:42,B3,BATCH_START,,,,2026-04-04
2026-04-04 21:32:45,B3,PROPS_FETCHED,,,,"38 props, 3 games"
2026-04-04 21:40:20,B3,EXCEL_SOURCE_UPDATED,,,,props=16567 (+3) spreads=1412 (+0)
2026-04-04 21:57:27,B3,PREDICTIONS,,,,"37 plays, skipped 1"
2026-04-04 21:57:29,B3,BATCH_SUMMARY,,,,"props_fetched=37, plays_added=3"
2026-04-04 21:57:29,B3,INTEGRITY_OK,/Users/salman/Documents/GitHub/PropEdgeV10.0/data/today.json,437,440,SAVE_TODAY
2026-04-04 21:57:30,B3,BATCH_COMPLETE,,,,
2026-04-05 07:09:18,B0,BATCH_START,,,,
2026-04-05 07:09:24,B0,BOXSCORES_FETCHED,,,,67 rows for 2026-04-04
2026-04-05 07:09:25,B0,BATCH_SUMMARY,,,,"plays_graded=40, wins=20, losses=20, dnp=2"
2026-04-05 07:09:30,B0,FILE_STATE_BEFORE_APPEND,nba_gamelogs_2025_26.csv,25013,,
2026-04-05 07:36:09,B0,INTEGRITY_OK,/Users/salman/Documents/GitHub/PropEdgeV10.0/source-files/nba_gamelogs_2025_26.csv,25013,25082,APPEND_GAMELOGS
2026-04-05 07:36:09,B0,ROLLING_UPDATE_FAILED,,,,name 'load_combined' is not defined
2026-04-05 08:15:42,B1,BATCH_START,,,,2026-04-05
2026-04-05 08:15:52,B1,PROPS_FETCHED,,,,"132 props, 11 games"
2026-04-05 09:34:34,B1,EXCEL_SOURCE_UPDATED,,,,props=16696 (+132) spreads=1423 (+11)
2026-04-05 09:37:30,B1,PREDICTIONS,,,,"131 plays, skipped 1"
2026-04-05 09:37:33,B1,BATCH_SUMMARY,,,,"props_fetched=131, plays_added=131"
2026-04-05 09:37:33,B1,INTEGRITY_OK,/Users/salman/Documents/GitHub/PropEdgeV10.0/data/today.json,440,571,SAVE_TODAY
2026-04-05 09:37:51,B1,BATCH_COMPLETE,,,,
2026-04-05 10:49:20,B0,BATCH_COMPLETE,,,,
2026-04-05 17:15:05,B2,BATCH_START,,,,2026-04-05
2026-04-05 17:15:16,B2,PROPS_FETCHED,,,,"132 props, 11 games"
2026-04-05 17:15:31,B2,EXCEL_SOURCE_UPDATED,,,,props=16697 (+1) spreads=1423 (+0)
2026-04-05 17:15:52,B2,PREDICTIONS,,,,"131 plays, skipped 1"
2026-04-05 17:15:52,B2,BATCH_SUMMARY,,,,"props_fetched=131, plays_added=1"
2026-04-05 17:15:52,B2,INTEGRITY_OK,/Users/salman/Documents/GitHub/PropEdgeV10.0/data/today.json,571,572,SAVE_TODAY
2026-04-05 17:15:56,B2,BATCH_COMPLETE,,,,
2026-04-05 18:00:02,B2,BATCH_START,,,,2026-04-05
2026-04-05 18:00:25,B2,PROPS_FETCHED,,,,"123 props, 11 games"
2026-04-05 18:00:44,B2,EXCEL_SOURCE_UPDATED,,,,props=16697 (+0) spreads=1423 (+0)
2026-04-05 18:01:11,B2,PREDICTIONS,,,,"123 plays, skipped 0"
2026-04-05 18:01:12,B2,BATCH_SUMMARY,,,,"props_fetched=123, plays_added=0"
2026-04-05 18:01:12,B2,INTEGRITY_OK,/Users/salman/Documents/GitHub/PropEdgeV10.0/data/today.json,572,572,SAVE_TODAY
2026-04-05 18:01:15,B2,BATCH_COMPLETE,,,,
2026-04-05 21:30:02,B3,BATCH_START,,,,2026-04-05
2026-04-05 21:30:13,B3,PROPS_FETCHED,,,,"132 props, 11 games"
2026-04-05 21:30:37,B3,EXCEL_SOURCE_UPDATED,,,,props=16707 (+10) spreads=1423 (+0)
2026-04-05 21:31:08,B3,PREDICTIONS,,,,"131 plays, skipped 1"
2026-04-05 21:31:09,B3,BATCH_SUMMARY,,,,"props_fetched=131, plays_added=10"
2026-04-05 21:31:09,B3,INTEGRITY_OK,/Users/salman/Documents/GitHub/PropEdgeV10.0/data/today.json,572,582,SAVE_TODAY
2026-04-05 21:31:13,B3,BATCH_COMPLETE,,,,
2026-04-06 06:00:26,B0,BATCH_START,,,,
2026-04-06 06:00:42,B0,BOXSCORES_FETCHED,,,,191 rows for 2026-04-05
2026-04-06 06:00:48,B0,BATCH_SUMMARY,,,,"plays_graded=105, wins=53, losses=52, dnp=37"
2026-04-06 06:00:57,B0,FILE_STATE_BEFORE_APPEND,nba_gamelogs_2025_26.csv,25082,,
2026-04-06 06:02:26,B0,INTEGRITY_OK,/Users/salman/Documents/GitHub/PropEdgeV10.0/source-files/nba_gamelogs_2025_26.csv,25082,25310,APPEND_GAMELOGS
2026-04-06 06:02:26,B0,ROLLING_UPDATE_FAILED,,,,name 'load_combined' is not defined
2026-04-06 08:00:10,B1,BATCH_START,,,,2026-04-06
2026-04-06 08:00:19,B1,PROPS_FETCHED,,,,"60 props, 5 games"
2026-04-06 08:33:38,B1,EXCEL_SOURCE_UPDATED,,,,props=16767 (+60) spreads=1428 (+5)
2026-04-06 08:36:55,B1,PREDICTIONS,,,,"60 plays, skipped 0"
2026-04-06 08:36:57,B1,BATCH_SUMMARY,,,,"props_fetched=60, plays_added=60"
2026-04-06 08:36:57,B1,INTEGRITY_OK,/Users/salman/Documents/GitHub/PropEdgeV10.0/data/today.json,582,642,SAVE_TODAY
2026-04-06 08:37:17,B1,BATCH_COMPLETE,,,,
2026-04-06 08:41:20,B0,BATCH_COMPLETE,,,,
2026-04-06 18:00:06,B2,BATCH_START,,,,2026-04-06
2026-04-06 18:00:13,B2,PROPS_FETCHED,,,,"58 props, 5 games"
2026-04-06 18:00:34,B2,EXCEL_SOURCE_UPDATED,,,,props=16767 (+0) spreads=1428 (+0)
2026-04-06 18:00:58,B2,PREDICTIONS,,,,"58 plays, skipped 0"
2026-04-06 18:00:59,B2,BATCH_SUMMARY,,,,"props_fetched=58, plays_added=0"
2026-04-06 18:00:59,B2,INTEGRITY_OK,/Users/salman/Documents/GitHub/PropEdgeV10.0/data/today.json,642,642,SAVE_TODAY
2026-04-06 18:01:02,B2,BATCH_COMPLETE,,,,
2026-04-06 21:27:54,B3,BATCH_START,,,,2026-04-06
2026-04-06 21:27:59,B3,PROPS_FETCHED,,,,"59 props, 5 games"
2026-04-06 21:28:36,B3,EXCEL_SOURCE_UPDATED,,,,props=16772 (+5) spreads=1428 (+0)
2026-04-06 21:29:16,B3,PREDICTIONS,,,,"59 plays, skipped 0"
2026-04-06 21:29:17,B3,BATCH_SUMMARY,,,,"props_fetched=59, plays_added=5"
2026-04-06 21:29:17,B3,INTEGRITY_OK,/Users/salman/Documents/GitHub/PropEdgeV10.0/data/today.json,642,647,SAVE_TODAY
2026-04-06 21:29:21,B3,BATCH_COMPLETE,,,,
2026-04-06 21:30:02,B3,BATCH_START,,,,2026-04-06
2026-04-06 21:30:09,B3,PROPS_FETCHED,,,,"59 props, 5 games"
2026-04-06 21:30:59,B3,EXCEL_SOURCE_UPDATED,,,,props=16772 (+0) spreads=1428 (+0)
2026-04-06 21:31:53,B3,PREDICTIONS,,,,"59 plays, skipped 0"
2026-04-06 21:31:55,B3,BATCH_SUMMARY,,,,"props_fetched=59, plays_added=0"
2026-04-06 21:31:55,B3,INTEGRITY_OK,/Users/salman/Documents/GitHub/PropEdgeV10.0/data/today.json,647,647,SAVE_TODAY
2026-04-06 21:31:58,B3,BATCH_COMPLETE,,,,
2026-04-07 06:14:14,B0,BATCH_START,,,,
2026-04-07 06:44:21,B0,BOXSCORES_FETCHED,,,,83 rows for 2026-04-06
2026-04-07 06:44:22,B0,BATCH_SUMMARY,,,,"plays_graded=46, wins=20, losses=26, dnp=19"
2026-04-07 06:44:29,B0,FILE_STATE_BEFORE_APPEND,nba_gamelogs_2025_26.csv,25310,,
2026-04-07 06:45:23,B0,INTEGRITY_OK,/Users/salman/Documents/GitHub/PropEdgeV10.0/source-files/nba_gamelogs_2025_26.csv,25310,25412,APPEND_GAMELOGS
2026-04-07 06:45:23,B0,ROLLING_UPDATE_FAILED,,,,name 'load_combined' is not defined
2026-04-07 07:42:30,B0,BATCH_START,,,,
2026-04-07 07:42:39,B0,BOXSCORES_FETCHED,,,,102 rows for 2026-04-06
2026-04-07 07:42:42,B0,BATCH_SUMMARY,,,,"plays_graded=13, wins=9, losses=4, dnp=6"
2026-04-07 07:42:47,B0,FILE_STATE_BEFORE_APPEND,nba_gamelogs_2025_26.csv,25412,,
2026-04-07 07:43:19,B0,INTEGRITY_OK,/Users/salman/Documents/GitHub/PropEdgeV10.0/source-files/nba_gamelogs_2025_26.csv,25412,25418,APPEND_GAMELOGS
2026-04-07 07:43:20,B0,ROLLING_UPDATE_FAILED,,,,name 'load_combined' is not defined
2026-04-07 07:47:33,B0,BATCH_COMPLETE,,,,
2026-04-07 07:51:46,B0,BATCH_COMPLETE,,,,
2026-04-07 07:53:10,B0,BATCH_START,,,,
2026-04-07 07:53:18,B0,BOXSCORES_FETCHED,,,,102 rows for 2026-04-06
2026-04-07 07:53:19,B0,BATCH_SUMMARY,,,,"plays_graded=0, wins=0, losses=0, dnp=6"
2026-04-07 07:53:22,B0,FILE_STATE_BEFORE_APPEND,nba_gamelogs_2025_26.csv,25418,,
2026-04-07 07:53:40,B0,INTEGRITY_OK,/Users/salman/Documents/GitHub/PropEdgeV10.0/source-files/nba_gamelogs_2025_26.csv,25418,25418,APPEND_GAMELOGS
2026-04-07 07:53:40,B0,ROLLING_UPDATE_FAILED,,,,name 'load_combined' is not defined
2026-04-07 07:54:25,B1,BATCH_START,,,,2026-04-07
2026-04-07 07:54:33,B1,PROPS_FETCHED,,,,"117 props, 10 games"
2026-04-07 07:55:03,B1,EXCEL_SOURCE_UPDATED,,,,props=16889 (+117) spreads=1438 (+10)
2026-04-07 07:55:36,B1,PREDICTIONS,,,,"115 plays, skipped 2"
2026-04-07 07:55:37,B1,BATCH_SUMMARY,,,,"props_fetched=115, plays_added=115"
2026-04-07 07:55:37,B1,INTEGRITY_OK,/Users/salman/Documents/GitHub/PropEdgeV10.0/data/today.json,647,762,SAVE_TODAY
2026-04-07 07:55:49,B1,BATCH_COMPLETE,,,,
2026-04-07 08:00:02,B1,BATCH_START,,,,2026-04-07
2026-04-07 08:00:14,B1,PROPS_FETCHED,,,,"116 props, 10 games"
2026-04-07 08:00:52,B1,EXCEL_SOURCE_UPDATED,,,,props=16889 (+0) spreads=1438 (+0)
2026-04-07 08:01:31,B1,PREDICTIONS,,,,"114 plays, skipped 2"
2026-04-07 08:01:32,B1,BATCH_SUMMARY,,,,"props_fetched=114, plays_added=0"
2026-04-07 08:01:32,B1,INTEGRITY_OK,/Users/salman/Documents/GitHub/PropEdgeV10.0/data/today.json,762,762,SAVE_TODAY
2026-04-07 08:01:35,B1,BATCH_COMPLETE,,,,
2026-04-07 08:03:30,B0,BATCH_COMPLETE,,,,
2026-04-07 23:13:31,B3,BATCH_START,,,,2026-04-07
2026-04-07 23:13:39,B3,PROPS_FETCHED,,,,"116 props, 10 games"
2026-04-07 23:13:57,B3,EXCEL_SOURCE_UPDATED,,,,props=16896 (+7) spreads=1438 (+0)
2026-04-07 23:14:16,B3,PREDICTIONS,,,,"115 plays, skipped 1"
2026-04-07 23:14:17,B3,BATCH_SUMMARY,,,,"props_fetched=115, plays_added=7"
2026-04-07 23:14:17,B3,INTEGRITY_OK,/Users/salman/Documents/GitHub/PropEdgeV10.0/data/today.json,762,769,SAVE_TODAY
2026-04-07 23:14:21,B3,BATCH_COMPLETE,,,,
2026-04-08 10:04:09,B0,BATCH_START,,,,
2026-04-08 10:04:23,B0,BOXSCORES_FETCHED,,,,217 rows for 2026-04-07
2026-04-08 10:04:25,B0,BATCH_SUMMARY,,,,"plays_graded=107, wins=54, losses=53, dnp=15"
2026-04-08 10:04:28,B0,FILE_STATE_BEFORE_APPEND,nba_gamelogs_2025_26.csv,25418,,
2026-04-08 10:05:11,B0,INTEGRITY_OK,/Users/salman/Documents/GitHub/PropEdgeV10.0/source-files/nba_gamelogs_2025_26.csv,25418,25650,APPEND_GAMELOGS
2026-04-08 10:05:11,B0,ROLLING_UPDATE_FAILED,,,,name 'load_combined' is not defined
2026-04-08 10:27:33,B0,BATCH_COMPLETE,,,,
2026-04-08 11:49:08,B1,BATCH_START,,,,2026-04-08
2026-04-08 11:49:16,B1,PROPS_FETCHED,,,,"68 props, 7 games"
2026-04-08 11:51:23,B1,EXCEL_SOURCE_UPDATED,,,,props=16964 (+68) spreads=1445 (+7)
2026-04-08 11:53:01,B1,PREDICTIONS,,,,"68 plays, skipped 0"
2026-04-08 11:53:04,B1,BATCH_SUMMARY,,,,"props_fetched=68, plays_added=68"
2026-04-08 11:53:04,B1,INTEGRITY_OK,/Users/salman/Documents/GitHub/PropEdgeV10.0/data/today.json,769,837,SAVE_TODAY
2026-04-08 11:53:10,B1,BATCH_COMPLETE,,,,
2026-04-08 17:18:35,B1,BATCH_START,,,,2026-04-08
2026-04-08 17:18:42,B1,PROPS_FETCHED,,,,"70 props, 7 games"
2026-04-08 17:19:23,B1,EXCEL_SOURCE_UPDATED,,,,props=16966 (+2) spreads=1445 (+0)
2026-04-08 17:20:18,B1,PREDICTIONS,,,,"70 plays, skipped 0"
2026-04-08 17:20:20,B1,BATCH_SUMMARY,,,,"props_fetched=70, plays_added=2"
2026-04-08 17:20:20,B1,INTEGRITY_OK,/Users/salman/Documents/GitHub/PropEdgeV10.0/data/today.json,837,839,SAVE_TODAY
2026-04-08 17:20:25,B1,BATCH_COMPLETE,,,,
2026-04-08 22:37:29,B3,BATCH_START,,,,2026-04-08
2026-04-08 22:37:35,B3,PROPS_FETCHED,,,,"76 props, 7 games"
2026-04-08 22:37:59,B3,EXCEL_SOURCE_UPDATED,,,,props=16980 (+14) spreads=1445 (+0)
2026-04-08 22:38:24,B3,PREDICTIONS,,,,"76 plays, skipped 0"
2026-04-08 22:38:25,B3,BATCH_SUMMARY,,,,"props_fetched=76, plays_added=14"
2026-04-08 22:38:25,B3,INTEGRITY_OK,/Users/salman/Documents/GitHub/PropEdgeV10.0/data/today.json,839,853,SAVE_TODAY
2026-04-08 22:38:29,B3,BATCH_COMPLETE,,,,
2026-04-09 12:00:51,B0,BATCH_START,,,,
2026-04-09 12:01:01,B0,BOXSCORES_FETCHED,,,,159 rows for 2026-04-08
2026-04-09 12:01:04,B0,BATCH_SUMMARY,,,,"plays_graded=76, wins=37, losses=39, dnp=8"
2026-04-09 12:01:07,B0,FILE_STATE_BEFORE_APPEND,nba_gamelogs_2025_26.csv,25650,,
2026-04-09 12:01:42,B0,INTEGRITY_OK,/Users/salman/Documents/GitHub/PropEdgeV10.0/source-files/nba_gamelogs_2025_26.csv,25650,25817,APPEND_GAMELOGS
2026-04-09 12:01:42,B0,ROLLING_UPDATE_FAILED,,,,name 'load_combined' is not defined
2026-04-09 12:16:47,B0,BATCH_COMPLETE,,,,
2026-04-09 17:43:54,B2,BATCH_START,,,,2026-04-09
2026-04-09 17:43:58,B2,PROPS_FETCHED,,,,"62 props, 6 games"
2026-04-09 17:44:20,B2,EXCEL_SOURCE_UPDATED,,,,props=17042 (+62) spreads=1451 (+6)
2026-04-09 17:44:43,B2,PREDICTIONS,,,,"62 plays, skipped 0"
2026-04-09 17:44:44,B2,BATCH_SUMMARY,,,,"props_fetched=62, plays_added=62"
2026-04-09 17:44:44,B2,INTEGRITY_OK,/Users/salman/Documents/GitHub/PropEdgeV10.0/data/today.json,853,915,SAVE_TODAY
2026-04-09 17:44:48,B2,BATCH_COMPLETE,,,,
2026-04-09 23:39:57,B3,BATCH_START,,,,2026-04-09
2026-04-09 23:40:01,B3,PROPS_FETCHED,,,,"66 props, 6 games"
2026-04-09 23:40:15,B3,EXCEL_SOURCE_UPDATED,,,,props=17051 (+9) spreads=1451 (+0)
2026-04-09 23:40:32,B3,PREDICTIONS,,,,"65 plays, skipped 1"
2026-04-09 23:40:32,B3,BATCH_SUMMARY,,,,"props_fetched=65, plays_added=8"
2026-04-09 23:40:32,B3,INTEGRITY_OK,/Users/salman/Documents/GitHub/PropEdgeV10.0/data/today.json,915,923,SAVE_TODAY
2026-04-09 23:40:36,B3,BATCH_COMPLETE,,,,
2026-04-10 10:22:34,B0,BATCH_START,,,,
2026-04-10 10:22:44,B0,BOXSCORES_FETCHED,,,,120 rows for 2026-04-09
2026-04-10 10:22:46,B0,BATCH_SUMMARY,,,,"plays_graded=64, wins=36, losses=28, dnp=6"
2026-04-10 10:22:48,B0,FILE_STATE_BEFORE_APPEND,nba_gamelogs_2025_26.csv,25817,,
2026-04-10 10:23:07,B0,INTEGRITY_OK,/Users/salman/Documents/GitHub/PropEdgeV10.0/source-files/nba_gamelogs_2025_26.csv,25817,25943,APPEND_GAMELOGS
2026-04-10 10:23:07,B0,ROLLING_UPDATE_FAILED,,,,name 'load_combined' is not defined
2026-04-10 10:32:42,B0,BATCH_COMPLETE,,,,
2026-04-10 10:36:32,B1,BATCH_START,,,,2026-04-10
2026-04-10 10:36:43,B1,PROPS_FETCHED,,,,"77 props, 15 games"
2026-04-10 10:37:04,B1,EXCEL_SOURCE_UPDATED,,,,props=17128 (+77) spreads=1466 (+15)
2026-04-10 10:37:25,B1,PREDICTIONS,,,,"77 plays, skipped 0"
2026-04-10 10:37:26,B1,BATCH_SUMMARY,,,,"props_fetched=77, plays_added=77"
2026-04-10 10:37:26,B1,INTEGRITY_OK,/Users/salman/Documents/GitHub/PropEdgeV10.0/data/today.json,923,1000,SAVE_TODAY
2026-04-10 10:37:29,B1,BATCH_COMPLETE,,,,
2026-04-10 16:03:52,B2,BATCH_START,,,,2026-04-10
2026-04-10 16:04:03,B2,PROPS_FETCHED,,,,"110 props, 15 games"
2026-04-10 16:04:18,B2,EXCEL_SOURCE_UPDATED,,,,props=17161 (+110) spreads=1466 (+15)
2026-04-10 16:04:44,B2,PREDICTIONS,,,,"110 plays, skipped 0"
2026-04-10 16:04:45,B2,BATCH_SUMMARY,,,,"props_fetched=110, plays_added=36"
2026-04-10 16:04:45,B2,INTEGRITY_OK,/Users/salman/Documents/GitHub/PropEdgeV10.0/data/today.json,1000,1036,SAVE_TODAY
2026-04-10 16:04:49,B2,BATCH_COMPLETE,,,,
2026-04-10 18:32:18,B3,BATCH_START,,,,2026-04-10
2026-04-10 18:32:32,B3,PROPS_FETCHED,,,,"118 props, 15 games"
2026-04-10 18:32:54,B3,EXCEL_SOURCE_UPDATED,,,,props=17178 (+17) spreads=1466 (+0)
2026-04-10 18:33:22,B3,PREDICTIONS,,,,"117 plays, skipped 1"
2026-04-10 18:33:23,B3,BATCH_SUMMARY,,,,"props_fetched=117, plays_added=14"
2026-04-10 18:33:23,B3,INTEGRITY_OK,/Users/salman/Documents/GitHub/PropEdgeV10.0/data/today.json,1036,1050,SAVE_TODAY
2026-04-10 18:33:28,B3,BATCH_COMPLETE,,,,
2026-04-11 18:24:05,B0,BATCH_START,,,,
2026-04-11 18:24:24,B0,BOXSCORES_FETCHED,,,,325 rows for 2026-04-10
2026-04-11 18:24:25,B0,BATCH_SUMMARY,,,,"plays_graded=114, wins=55, losses=59, dnp=13"
2026-04-11 18:24:26,B0,FILE_STATE_BEFORE_APPEND,nba_gamelogs_2025_26.csv,25943,,
2026-04-11 18:24:49,B0,INTEGRITY_OK,/Users/salman/Documents/GitHub/PropEdgeV10.0/source-files/nba_gamelogs_2025_26.csv,25943,26281,APPEND_GAMELOGS
2026-04-11 18:24:49,B0,ROLLING_UPDATE_FAILED,,,,name 'load_combined' is not defined
2026-04-11 18:31:17,B0,BATCH_COMPLETE,,,,
2026-04-12 10:48:41,B1,BATCH_START,,,,2026-04-12
2026-04-12 10:48:51,B1,PROPS_FETCHED,,,,"49 props, 15 games"
2026-04-12 10:49:08,B1,EXCEL_SOURCE_UPDATED,,,,props=17227 (+49) spreads=1481 (+15)
2026-04-12 10:49:24,B1,PREDICTIONS,,,,"49 plays, skipped 0"
2026-04-12 10:49:24,B1,BATCH_SUMMARY,,,,"props_fetched=49, plays_added=49"
2026-04-12 10:49:24,B1,INTEGRITY_OK,/Users/salman/Documents/GitHub/PropEdgeV10.0/data/today.json,1050,1099,SAVE_TODAY
2026-04-12 10:49:28,B1,BATCH_COMPLETE,,,,
2026-04-12 16:50:33,B1,BATCH_START,,,,2026-04-12
2026-04-12 16:50:45,B1,PROPS_FETCHED,,,,"49 props, 15 games"
2026-04-12 16:51:03,B1,EXCEL_SOURCE_UPDATED,,,,props=17235 (+8) spreads=1481 (+0)
2026-04-12 16:51:24,B1,PREDICTIONS,,,,"49 plays, skipped 0"
2026-04-12 16:51:25,B1,BATCH_SUMMARY,,,,"props_fetched=49, plays_added=8"
2026-04-12 16:51:25,B1,INTEGRITY_OK,/Users/salman/Documents/GitHub/PropEdgeV10.0/data/today.json,1099,1107,SAVE_TODAY
2026-04-12 16:51:31,B1,BATCH_COMPLETE,,,,
2026-04-12 19:31:52,B3,BATCH_START,,,,2026-04-12
2026-04-12 19:32:05,B3,PROPS_FETCHED,,,,"42 props, 15 games"
2026-04-12 19:32:26,B3,EXCEL_SOURCE_UPDATED,,,,props=17236 (+1) spreads=1481 (+0)
2026-04-13 14:17:07,B0,BATCH_START,,,,
2026-04-13 14:17:24,B0,BOXSCORES_FETCHED,,,,311 rows for 2026-04-12
2026-04-13 14:17:26,B0,BATCH_SUMMARY,,,,"plays_graded=50, wins=28, losses=22, dnp=7"
2026-04-13 14:17:28,B0,FILE_STATE_BEFORE_APPEND,nba_gamelogs_2025_26.csv,26281,,
2026-04-13 14:18:04,B0,INTEGRITY_OK,/Users/salman/Documents/GitHub/PropEdgeV10.0/source-files/nba_gamelogs_2025_26.csv,26281,26599,APPEND_GAMELOGS
2026-04-13 14:18:04,B0,ROLLING_UPDATE_FAILED,,,,name 'load_combined' is not defined
2026-04-13 14:30:54,B0,BATCH_COMPLETE,,,,
2026-04-14 10:59:23,B1,BATCH_START,,,,2026-04-14
2026-04-14 10:59:25,B1,PROPS_FETCHED,,,,"29 props, 2 games"
2026-04-14 10:59:42,B1,EXCEL_SOURCE_UPDATED,,,,props=17265 (+29) spreads=1483 (+2)
2026-04-14 11:00:04,B1,PREDICTIONS,,,,"29 plays, skipped 0"
2026-04-14 11:00:04,B1,BATCH_SUMMARY,,,,"props_fetched=29, plays_added=29"
2026-04-14 11:00:04,B1,INTEGRITY_OK,/Users/salman/Documents/GitHub/PropEdgeV10.0/data/today.json,1107,1136,SAVE_TODAY
2026-04-14 11:00:09,B1,BATCH_COMPLETE,,,,
2026-04-15 11:37:07,B0,BATCH_START,,,,
2026-04-15 11:37:12,B0,BOXSCORES_FETCHED,,,,38 rows for 2026-04-14
2026-04-15 11:37:14,B0,BATCH_SUMMARY,,,,"plays_graded=28, wins=13, losses=15, dnp=1"
2026-04-15 11:37:17,B0,FILE_STATE_BEFORE_APPEND,nba_gamelogs_2025_26.csv,26599,,
2026-04-15 11:37:28,B0,INTEGRITY_OK,/Users/salman/Documents/GitHub/PropEdgeV10.0/source-files/nba_gamelogs_2025_26.csv,26599,26638,APPEND_GAMELOGS
2026-04-15 11:37:28,B0,ROLLING_UPDATE_FAILED,,,,name 'load_combined' is not defined
2026-04-15 11:47:53,B0,BATCH_COMPLETE,,,,
2026-04-15 23:01:15,B3,BATCH_START,,,,2026-04-15
2026-04-15 23:01:17,B3,PROPS_FETCHED,,,,"30 props, 2 games"
2026-04-15 23:01:30,B3,EXCEL_SOURCE_UPDATED,,,,props=17295 (+30) spreads=1485 (+2)
2026-04-15 23:01:45,B3,PREDICTIONS,,,,"30 plays, skipped 0"
2026-04-15 23:01:46,B3,BATCH_SUMMARY,,,,"props_fetched=30, plays_added=30"
2026-04-15 23:01:46,B3,INTEGRITY_OK,/Users/salman/Documents/GitHub/PropEdgeV10.0/data/today.json,1136,1166,SAVE_TODAY
